<?xml version="1.0" encoding="UTF-8"?>
<con:soapui-project id="5588ff50-3069-42e8-be4d-996ae266e829" created="3.46.1" activeEnvironment="Default environment" encryptionMode="Not encrypted" name="Rest API Activity 4" resourceRoot="" projectVersion="" updated="3.46.1 2023-05-29T12:08:49Z" xmlns:con="http://eviware.com/soapui/config">
  <con:settings/>
  <con:interface xsi:type="con:RestService" id="d06adfd3-fe2b-49de-8b48-ab25fb650ff5" wadlVersion="http://wadl.dev.java.net/2009/02" name="http://ipwhois.app" type="rest" xmlns:xsi="http://www.w3.org/2001/XMLSchema-instance">
    <con:settings id="00102853-e36c-40bc-b29c-f3da82a58a91"/>
    <con:definitionCache type="TEXT" rootPart=""/>
    <con:endpoints>
      <con:endpoint>http://ipwhois.app</con:endpoint>
    </con:endpoints>
    <con:resource name="IP" path="/json/{IP}" id="386fa5b3-dc03-4332-ac99-08b16913b7c8">
      <con:settings/>
      <con:parameters>
        <con:parameter>
          <con:name>IP</con:name>
          <con:style>TEMPLATE</con:style>
        </con:parameter>
      </con:parameters>
      <con:method name="IP" id="77a4726c-721a-4503-bd42-e801ddcd7f19" method="GET">
        <con:settings/>
        <con:parameters>
          <con:parameter required="true">
            <con:name>IP</con:name>
            <con:value>IP</con:value>
            <con:style>TEMPLATE</con:style>
            <con:default>IP</con:default>
            <con:path xsi:nil="true"/>
            <con:description xsi:nil="true"/>
          </con:parameter>
        </con:parameters>
        <con:representation type="RESPONSE">
          <con:mediaType>application/json; charset=utf-8</con:mediaType>
          <con:status>200</con:status>
          <con:params/>
          <con:element xmlns:json="http://ipwhois.app/json/">json:Response</con:element>
        </con:representation>
        <con:request name="Request 1" id="75824029-9784-46a7-804c-6687e8ea744d" mediaType="application/json">
          <con:settings/>
          <con:endpoint>http://ipwhois.app</con:endpoint>
          <con:request/>
          <con:credentials>
            <con:selectedAuthProfile>No Authorization</con:selectedAuthProfile>
            <con:authType>No Authorization</con:authType>
          </con:credentials>
          <con:jmsConfig JMSDeliveryMode="PERSISTENT"/>
          <con:parameters>
            <con:entry key="IP" value="IP"/>
          </con:parameters>
          <con:parameterOrder>
            <con:entry>IP</con:entry>
          </con:parameterOrder>
        </con:request>
      </con:method>
    </con:resource>
  </con:interface>
  <con:testSuite id="b68df8a6-dbe0-4489-8294-5f54e8d19a11" name="http://ipwhois.app Test Suite">
    <con:settings id="9a1778dc-5539-42c0-aa9b-0d6561695696"/>
    <con:runType>SEQUENTIAL</con:runType>
    <con:testCase id="1bd20790-b2a1-40b7-8554-14e840e5101d" discardOkResults="false" failOnError="false" failTestCaseOnErrors="true" keepSession="false" name="Test Case Activity 4" searchProperties="true" timeout="0">
      <con:settings/>
      <con:testStep type="datasource" name="Data Source Act4" id="cab20669-e1a2-483b-ac55-e89ef4bc0211">
        <con:settings/>
        <con:config xsi:type="con:DataSourceStep" xmlns:xsi="http://www.w3.org/2001/XMLSchema-instance">
          <con:dataSource type="Excel">
            <con:configuration>
              <file>C:/Users/003ANZ744/IdeaProjects/FST_API/Act5excelfile.xlsx</file>
              <worksheet/>
              <cell>A1</cell>
              <ignoreEmpty>false</ignoreEmpty>
              <evaluateFormulas>false</evaluateFormulas>
            </con:configuration>
          </con:dataSource>
          <con:shared>true</con:shared>
          <con:restartShared>true</con:restartShared>
          <con:property>address</con:property>
          <con:property>IP</con:property>
          <con:restartOnRun>true</con:restartOnRun>
          <con:stopDatasourceExhausted>false</con:stopDatasourceExhausted>
        </con:config>
      </con:testStep>
      <con:testStep type="restrequest" name="GET" id="d04abda7-db13-4f2e-8af6-820c827ac72a">
        <con:settings/>
        <con:config service="http://ipwhois.app" resourcePath="/json/{IP}" methodName="IP" xsi:type="con:RestRequestStep" xmlns:xsi="http://www.w3.org/2001/XMLSchema-instance">
          <con:restRequest name="GET" id="75824029-9784-46a7-804c-6687e8ea744d" mediaType="application/json">
            <con:settings>
              <con:setting id="com.eviware.soapui.impl.wsdl.WsdlRequest@request-headers">&lt;xml-fragment/></con:setting>
            </con:settings>
            <con:endpoint>http://ipwhois.app</con:endpoint>
            <con:request/>
            <con:originalUri>http://ipwhois.app/json/</con:originalUri>
            <con:assertion type="JsonPath Match" id="f245ab66-8cdb-4696-99c4-552c4e1bf578" name="JSONPath Match">
              <con:configuration>
                <path>$['country']</path>
                <content>"United States"</content>
                <allowWildcards>false</allowWildcards>
                <ignoreNamspaceDifferences>false</ignoreNamspaceDifferences>
                <ignoreComments>false</ignoreComments>
              </con:configuration>
            </con:assertion>
            <con:credentials>
              <con:selectedAuthProfile>No Authorization</con:selectedAuthProfile>
              <con:authType>No Authorization</con:authType>
            </con:credentials>
            <con:jmsConfig JMSDeliveryMode="PERSISTENT"/>
            <con:parameters>
              <con:entry key="IP" value="${Data Source Act4#address}"/>
            </con:parameters>
            <con:parameterOrder>
              <con:entry>IP</con:entry>
            </con:parameterOrder>
          </con:restRequest>
        </con:config>
      </con:testStep>
      <con:testStep type="datasourceloop" name="Data Source Loop" id="984ff3f8-51ea-400b-874a-8e2c3b2214ec">
        <con:settings/>
        <con:config>
          <dataSourceStep>Data Source Act4</dataSourceStep>
          <targetStep>GET</targetStep>
          <discardResults>true</discardResults>
        </con:config>
      </con:testStep>
      <con:properties/>
      <con:reportParameters/>
    </con:testCase>
    <con:properties/>
    <con:reportParameters/>
  </con:testSuite>
  <con:requirements/>
  <con:properties/>
  <con:wssContainer/>
  <con:databaseConnectionContainer/>
  <con:jmsConnectionContainer/>
  <con:oAuth2ProfileContainer/>
  <con:oAuth1ProfileContainer/>
  <con:reporting>
    <con:xmlTemplates/>
    <con:parameters/>
  </con:reporting>
  <con:eventHandlers type="RequestFilter.filterRequest" name="RequestFilter.filterRequest">
    <con:script>// Sample event script to add custom HTTP header to all outgoing REST, SOAP and HTTP(S) calls
// This code is often used for adding custom authentication to ReadyAPI functional tests

// If hardcoding the token, uncomment and change line 5
// token = '4567'

// If your token is parameterized in Project level custom property, uncomment line 8
// token = request.parent.testCase.testSuite.project.getProperty('auth_token').getValue()

// To modify all outgoing calls, remove comments from lines 11 to 16
// headers = request.requestHeaders
// if (headers.containsKey('auth_token2') == false) {
//   headers.put('auth_token2', token)
//   request.requestHeaders = headers
// }</con:script>
  </con:eventHandlers>
  <con:eventHandlers type="TestRunListener.afterStep" name="TestRunListener.afterStep">
    <con:script>// Save all test step results into files
// Change the directory path in line 5 to a location where you want to store details
// then uncomment lines 5 to 10

// filePath = 'C:\\tempOutputDirectory\\'
// fos = new java.io.FileOutputStream(filePath + testStepResult.testStep.label + '.txt', true)
// pw = new java.io.PrintWriter(fos)
// testStepResult.writeTo(pw)
// pw.close()
// fos.close()</con:script>
  </con:eventHandlers>
  <con:authRepository/>
  <con:tags/>
</con:soapui-project>
