<?xml version="1.0" encoding="UTF-8"?>
<con:soapui-project id="7a298aa8-d986-4b42-9df9-3d9af71272eb" created="3.46.1" activeEnvironment="Default environment" encryptionMode="Not encrypted" name="REST API Activity 6" projectVersion="" updated="3.46.1 2023-05-29T12:08:49Z" xmlns:con="http://eviware.com/soapui/config">
  <con:settings/>
  <con:interface xsi:type="con:RestService" id="b33541d9-2eba-45ef-94b4-69fd1d5973f3" wadlVersion="http://wadl.dev.java.net/2009/02" name="http://ipwhois.app" type="rest" xmlns:xsi="http://www.w3.org/2001/XMLSchema-instance">
    <con:settings id="9e02f345-e4fe-4653-b17d-f1b8677557d9"/>
    <con:definitionCache type="TEXT" rootPart=""/>
    <con:endpoints>
      <con:endpoint>http://ipwhois.app</con:endpoint>
    </con:endpoints>
    <con:resource name="IP" path="/json/{IP}" id="f863a1a2-9809-43eb-af0c-b81ab6a287f3">
      <con:settings/>
      <con:parameters/>
      <con:method name="IP" id="d6b3b72b-9284-4069-bbf9-9628404e5e1d" method="GET">
        <con:settings/>
        <con:parameters>
          <con:parameter required="true">
            <con:name>IP</con:name>
            <con:value>IP</con:value>
            <con:style>TEMPLATE</con:style>
            <con:default>IP</con:default>
            <con:path xsi:nil="true"/>
            <con:description xsi:nil="true"/>
          </con:parameter>
        </con:parameters>
        <con:representation type="RESPONSE">
          <con:mediaType>application/json; charset=utf-8</con:mediaType>
          <con:status>200</con:status>
          <con:params/>
          <con:element xmlns:ns="http://ipwhois.app/json/111.226.203.173">ns:Response</con:element>
        </con:representation>
        <con:request name="Request 1" id="986ce3fd-6f0e-4a2d-be68-b11534e1bee5" mediaType="application/json">
          <con:settings/>
          <con:endpoint>http://ipwhois.app</con:endpoint>
          <con:parameters>
            <con:entry key="IP" value="IP"/>
          </con:parameters>
          <con:parameterOrder>
            <con:entry>IP</con:entry>
          </con:parameterOrder>
        </con:request>
      </con:method>
    </con:resource>
  </con:interface>
  <con:testSuite id="23de9b37-6576-40ce-9014-d56752a39e73" name="http://ipwhois.app Test Suite">
    <con:settings id="62a6243e-d299-48e7-aa14-4ae120357b95"/>
    <con:runType>SEQUENTIAL</con:runType>
    <con:testCase id="2aef16ad-93ad-411e-bd1c-b3829a77566a" discardOkResults="false" failOnError="false" failTestCaseOnErrors="true" keepSession="false" name="Test Case 1" searchProperties="true" timeout="0">
      <con:settings/>
      <con:testStep type="datasource" name="Data Source" id="5c8aeaad-d973-4eac-9e65-8a33f3f01959">
        <con:settings/>
        <con:config xsi:type="con:DataSourceStep" xmlns:xsi="http://www.w3.org/2001/XMLSchema-instance">
          <con:dataSource type="Data Generator">
            <con:configuration>
              <generatedDataCount>10</generatedDataCount>
              <generatorsTotalNumber>1</generatorsTotalNumber>
              <lastSelectedProperty>0</lastSelectedProperty>
              <GeneratorType0>COMP</GeneratorType0>
              <PropertyName0>IP</PropertyName0>
              <repetitionCountIP>0</repetitionCountIP>
              <repeatValuesIP>false</repeatValuesIP>
              <ComputerAddressTypeIP>IPv4</ComputerAddressTypeIP>
              <escapeSpaceSequence/>
            </con:configuration>
          </con:dataSource>
          <con:shared>false</con:shared>
          <con:restartShared>false</con:restartShared>
          <con:property>IP</con:property>
          <con:restartOnRun>true</con:restartOnRun>
          <con:stopDatasourceExhausted>false</con:stopDatasourceExhausted>
        </con:config>
      </con:testStep>
      <con:testStep type="restrequest" name="Request 1" id="30749d8e-c40f-40b6-913d-f279dea3e624">
        <con:settings/>
        <con:config service="http://ipwhois.app" resourcePath="/json/{IP}" methodName="IP" xsi:type="con:RestRequestStep" xmlns:xsi="http://www.w3.org/2001/XMLSchema-instance">
          <con:restRequest name="Request 1" id="986ce3fd-6f0e-4a2d-be68-b11534e1bee5" mediaType="application/json">
            <con:settings>
              <con:setting id="com.eviware.soapui.impl.wsdl.WsdlRequest@request-headers">&lt;xml-fragment/></con:setting>
            </con:settings>
            <con:endpoint>http://ipwhois.app</con:endpoint>
            <con:request/>
            <con:originalUri>http://ipwhois.app/json/111.226.203.173</con:originalUri>
            <con:assertion type="Valid HTTP Status Codes" id="64810a0a-f655-4920-a532-db636d409737" name="Valid HTTP Status Codes">
              <con:settings/>
              <con:configuration>
                <codes>200</codes>
              </con:configuration>
            </con:assertion>
            <con:assertion type="JsonPath Match" id="fe8382ef-a42c-4fe5-bec9-1baafc52e265" name="JSONPath Match">
              <con:configuration>
                <path>$['country']</path>
                <content>"United States"</content>
                <allowWildcards>false</allowWildcards>
                <ignoreNamspaceDifferences>false</ignoreNamspaceDifferences>
                <ignoreComments>false</ignoreComments>
              </con:configuration>
            </con:assertion>
            <con:credentials>
              <con:selectedAuthProfile>No Authorization</con:selectedAuthProfile>
              <con:authType>No Authorization</con:authType>
            </con:credentials>
            <con:jmsConfig JMSDeliveryMode="PERSISTENT"/>
            <con:parameters>
              <con:entry key="IP" value="${Data Source#IP}"/>
            </con:parameters>
            <con:parameterOrder>
              <con:entry>IP</con:entry>
            </con:parameterOrder>
          </con:restRequest>
        </con:config>
      </con:testStep>
      <con:testStep type="transfer" name="PropertyTransfer 1" id="c95fa7e9-7107-474a-bb02-04af6429289b">
        <con:settings/>
        <con:config xsi:type="con:PropertyTransfersStep" xmlns:xsi="http://www.w3.org/2001/XMLSchema-instance">
          <con:transfers setNullOnMissingSource="true" transferTextContent="true" failOnError="true" ignoreEmpty="false" transferToAll="false" entitize="false" transferChildNodes="false">
            <con:name>city</con:name>
            <con:sourceType>Response</con:sourceType>
            <con:sourceStep>Request 1</con:sourceStep>
            <con:sourcePath>$['city']</con:sourcePath>
            <con:targetType>city_name</con:targetType>
            <con:targetStep>Data Sink</con:targetStep>
            <con:targetPath/>
            <con:type>JSONPATH</con:type>
            <con:upgraded>true</con:upgraded>
          </con:transfers>
          <con:transfers setNullOnMissingSource="true" transferTextContent="true" failOnError="true">
            <con:name>latitude</con:name>
            <con:sourceType>Response</con:sourceType>
            <con:sourceStep>Request 1</con:sourceStep>
            <con:sourcePath>$['latitude']</con:sourcePath>
            <con:targetType>latitude</con:targetType>
            <con:targetStep>Data Sink</con:targetStep>
            <con:targetPath/>
            <con:type>JSONPATH</con:type>
            <con:upgraded>true</con:upgraded>
          </con:transfers>
          <con:transfers setNullOnMissingSource="true" transferTextContent="true" failOnError="true">
            <con:name>longitude</con:name>
            <con:sourceType>Response</con:sourceType>
            <con:sourceStep>Request 1</con:sourceStep>
            <con:sourcePath>$['longitude']</con:sourcePath>
            <con:targetType>longitude</con:targetType>
            <con:targetStep>Data Sink</con:targetStep>
            <con:targetPath/>
            <con:type>JSONPATH</con:type>
            <con:upgraded>true</con:upgraded>
          </con:transfers>
        </con:config>
      </con:testStep>
      <con:testStep type="datasourceloop" name="Data Source Loop" id="8bfba93b-ea22-4a43-a136-fbf7d76447fe">
        <con:settings/>
        <con:config>
          <dataSourceStep>Data Source</dataSourceStep>
          <targetStep>Request 1</targetStep>
          <discardResults>true</discardResults>
        </con:config>
      </con:testStep>
      <con:testStep type="datasink" name="Data Sink" id="078741a9-e542-40df-90c8-b45d7bb6f518">
        <con:settings/>
        <con:config xsi:type="con:DataSinkStep" xmlns:xsi="http://www.w3.org/2001/XMLSchema-instance">
          <con:dataSink type="JDBC">
            <con:configuration>
              <driver>com.mysql.jdbc.Driver</driver>
              <connstr>jdbc:mysql://db4free.net:3306/fstm1db?user=fstm1db&amp;password=PASS_VALUE</connstr>
              <pass>5kki2ERWxiPqzXG</pass>
              <Connection>&lt;None></Connection>
              <query>insert into coordinates(city_name,latitude,longitude) values (?,?,?);</query>
              <stored-procedure>false</stored-procedure>
            </con:configuration>
          </con:dataSink>
          <con:properties>
            <con:property>
              <con:name>city_name</con:name>
              <con:value>Little Rock</con:value>
            </con:property>
            <con:property>
              <con:name>latitude</con:name>
              <con:value>34.7464809</con:value>
            </con:property>
            <con:property>
              <con:name>longitude</con:name>
              <con:value>-92.2895948</con:value>
            </con:property>
          </con:properties>
        </con:config>
      </con:testStep>
      <con:properties/>
      <con:reportParameters/>
    </con:testCase>
    <con:properties/>
    <con:reportParameters/>
  </con:testSuite>
  <con:requirements/>
  <con:properties/>
  <con:wssContainer/>
  <con:databaseConnectionContainer/>
  <con:jmsConnectionContainer/>
  <con:oAuth2ProfileContainer/>
  <con:oAuth1ProfileContainer/>
  <con:reporting>
    <con:xmlTemplates/>
    <con:parameters/>
  </con:reporting>
  <con:eventHandlers type="RequestFilter.filterRequest" name="RequestFilter.filterRequest">
    <con:script>// Sample event script to add custom HTTP header to all outgoing REST, SOAP and HTTP(S) calls
// This code is often used for adding custom authentication to ReadyAPI functional tests

// If hardcoding the token, uncomment and change line 5
// token = '4567'

// If your token is parameterized in Project level custom property, uncomment line 8
// token = request.parent.testCase.testSuite.project.getProperty('auth_token').getValue()

// To modify all outgoing calls, remove comments from lines 11 to 16
// headers = request.requestHeaders
// if (headers.containsKey('auth_token2') == false) {
//   headers.put('auth_token2', token)
//   request.requestHeaders = headers
// }</con:script>
  </con:eventHandlers>
  <con:eventHandlers type="TestRunListener.afterStep" name="TestRunListener.afterStep">
    <con:script>// Save all test step results into files
// Change the directory path in line 5 to a location where you want to store details
// then uncomment lines 5 to 10

// filePath = 'C:\\tempOutputDirectory\\'
// fos = new java.io.FileOutputStream(filePath + testStepResult.testStep.label + '.txt', true)
// pw = new java.io.PrintWriter(fos)
// testStepResult.writeTo(pw)
// pw.close()
// fos.close()</con:script>
  </con:eventHandlers>
  <con:authRepository/>
  <con:tags/>
</con:soapui-project>
